Currency_Code,Currency,Country
AFN,Afghani,AFGHANISTAN
EUR,Euro,ÅLAND ISLANDS
ALL,Lek,ALBANIA
DZD,Algerian Dinar,ALGERIA
USD,US Dollar,AMERICAN SAMOA
EUR,Euro,ANDORRA
AOA,Kwanza,ANGOLA
XCD,East Caribbean Dollar,ANGUILLA
,No universal currency,ANTARCTICA
XCD,East Caribbean Dollar,ANTIGUA AND BARBUDA
ARS,Argentine Peso,ARGENTINA
AMD,Armenian Dram,ARMENIA
AWG,Aruban Florin,ARUBA
AUD,Australian Dollar,AUSTRALIA
EUR,Euro,AUSTRIA
AZN,Azerbaijanian Manat,AZERBAIJAN
BSD,Bahamian Dollar,BAHAMAS (THE)
BHD,Bahraini Dinar,BAHRAIN
BDT,Taka,BANGLADESH
BBD,Barbados Dollar,BARBADOS
BYN,Belarussian Ruble,BELARUS
EUR,Euro,BELGIUM
BZD,Belize Dollar,BELIZE
XOF,CFA Franc BCEAO,BENIN
BMD,Bermudian Dollar,BERMUDA
BTN,Ngultrum,BHUTAN
INR,Indian Rupee,BHUTAN
BOB,Boliviano,BOLIVIA (PLURINATIONAL STATE    OF)
BOV,Mvdol,BOLIVIA (PLURINATIONAL STATE    OF)
USD,US Dollar,"BONAIRE, SINT EUSTATIUS AND    SABA"
BAM,Convertible Mark,BOSNIA AND HERZEGOVINA
BWP,Pula,BOTSWANA
NOK,Norwegian Krone,BOUVET ISLAND
BRL,Brazilian Real,BRAZIL
USD,US Dollar,BRITISH INDIAN OCEAN    TERRITORY (THE)
BND,Brunei Dollar,BRUNEI DARUSSALAM
BGN,Bulgarian Lev,BULGARIA
XOF,CFA Franc BCEAO,BURKINA FASO
BIF,Burundi Franc,BURUNDI
CVE,Cabo Verde Escudo,CABO VERDE
KHR,Riel,CAMBODIA
XAF,CFA Franc BEAC,CAMEROON
CAD,Canadian Dollar,CANADA
KYD,Cayman Islands Dollar,CAYMAN ISLANDS (THE)
XAF,CFA Franc BEAC,CENTRAL AFRICAN REPUBLIC    (THE)
XAF,CFA Franc BEAC,CHAD
CLF,Unidad de Fomento,CHILE
CLP,Chilean Peso,CHILE
CNY,Yuan Renminbi,CHINA
AUD,Australian Dollar,CHRISTMAS ISLAND
AUD,Australian Dollar,COCOS (KEELING) ISLANDS (THE)
COP,Colombian Peso,COLOMBIA
COU,Unidad de Valor Real,COLOMBIA
KMF,Comoro Franc,COMOROS (THE)
CDF,Congolese Franc,CONGO (THE DEMOCRATIC    REPUBLIC OF THE)
XAF,CFA Franc BEAC,CONGO (THE)
NZD,New Zealand Dollar,COOK ISLANDS (THE)
CRC,Costa Rican Colon,COSTA RICA
XOF,CFA Franc BCEAO,CÔTE D'IVOIRE
EUR,Euro,CROATIA
CUC,Peso Convertible,CUBA
CUP,Cuban Peso,CUBA
ANG,Netherlands Antillean Guilder,CURAÇAO
EUR,Euro,CYPRUS
CZK,Czech Koruna,CZECH REPUBLIC (THE)
DKK,Danish Krone,DENMARK
DJF,Djibouti Franc,DJIBOUTI
XCD,East Caribbean Dollar,DOMINICA
DOP,Dominican Peso,DOMINICAN REPUBLIC (THE)
USD,US Dollar,ECUADOR
EGP,Egyptian Pound,EGYPT
SVC,El Salvador Colon,EL SALVADOR
USD,US Dollar,EL SALVADOR
XAF,CFA Franc BEAC,EQUATORIAL GUINEA
ERN,Nakfa,ERITREA
EUR,Euro,ESTONIA
ETB,Ethiopian Birr,ETHIOPIA
EUR,Euro,EUROPEAN UNION
FKP,Falkland Islands Pound,FALKLAND ISLANDS (THE)    [MALVINAS]
DKK,Danish Krone,FAROE ISLANDS (THE)
FJD,Fiji Dollar,FIJI
EUR,Euro,FINLAND
EUR,Euro,FRANCE
EUR,Euro,FRENCH GUIANA
XPF,CFP Franc,FRENCH POLYNESIA
EUR,Euro,FRENCH SOUTHERN TERRITORIES    (THE)
XAF,CFA Franc BEAC,GABON
GMD,Dalasi,GAMBIA (THE)
GEL,Lari,GEORGIA
EUR,Euro,GERMANY
GHS,Ghana Cedi,GHANA
GIP,Gibraltar Pound,GIBRALTAR
EUR,Euro,GREECE
DKK,Danish Krone,GREENLAND
XCD,East Caribbean Dollar,GRENADA
EUR,Euro,GUADELOUPE
USD,US Dollar,GUAM
GTQ,Quetzal,GUATEMALA
GBP,Pound Sterling,GUERNSEY
GNF,Guinea Franc,GUINEA
XOF,CFA Franc BCEAO,GUINEA-BISSAU
GYD,Guyana Dollar,GUYANA
HTG,Gourde,HAITI
USD,US Dollar,HAITI
AUD,Australian Dollar,HEARD ISLAND AND McDONALD    ISLANDS
EUR,Euro,HOLY SEE (THE)
HNL,Lempira,HONDURAS
HKD,Hong Kong Dollar,HONG KONG
HUF,Forint,HUNGARY
ISK,Iceland Krona,ICELAND
INR,Indian Rupee,INDIA
IDR,Rupiah,INDONESIA
XDR,SDR (Special Drawing Right),INTERNATIONAL MONETARY FUND    (IMF)&nbsp;
IRR,Iranian Rial,IRAN (ISLAMIC REPUBLIC OF)
IQD,Iraqi Dinar,IRAQ
EUR,Euro,IRELAND
GBP,Pound Sterling,ISLE OF MAN
ILS,New Israeli Sheqel,ISRAEL
EUR,Euro,ITALY
JMD,Jamaican Dollar,JAMAICA
JPY,Yen,JAPAN
GBP,Pound Sterling,JERSEY
JOD,Jordanian Dinar,JORDAN
KZT,Tenge,KAZAKHSTAN
KES,Kenyan Shilling,KENYA
AUD,Australian Dollar,KIRIBATI
KPW,North Korean Won,KOREA (THE DEMOCRATIC    PEOPLE&rsquo;S REPUBLIC OF)
KRW,Won,KOREA (THE REPUBLIC OF)
KWD,Kuwaiti Dinar,KUWAIT
KGS,Som,KYRGYZSTAN
LAK,Kip,LAO PEOPLE&rsquo;S DEMOCRATIC    REPUBLIC (THE)
EUR,Euro,LATVIA
LBP,Lebanese Pound,LEBANON
LSL,Loti,LESOTHO
ZAR,Rand,LESOTHO
LRD,Liberian Dollar,LIBERIA
LYD,Libyan Dinar,LIBYA
CHF,Swiss Franc,LIECHTENSTEIN
EUR,Euro,LITHUANIA
EUR,Euro,LUXEMBOURG
MOP,Pataca,MACAO
MKD,Denar,REPUBLIC OF NORTH MACEDONIA
MGA,Malagasy Ariary,MADAGASCAR
MWK,Kwacha,MALAWI
MYR,Malaysian Ringgit,MALAYSIA
MVR,Rufiyaa,MALDIVES
XOF,CFA Franc BCEAO,MALI
EUR,Euro,MALTA
USD,US Dollar,MARSHALL ISLANDS (THE)
EUR,Euro,MARTINIQUE
MRU,Ouguiya,MAURITANIA
MUR,Mauritius Rupee,MAURITIUS
EUR,Euro,MAYOTTE
XUA,ADB Unit of Account,MEMBER COUNTRIES OF THE    AFRICAN DEVELOPMENT BANK GROUP
MXN,Mexican Peso,MEXICO
MXV,Mexican Unidad de Inversion (UDI),MEXICO
USD,US Dollar,MICRONESIA (FEDERATED STATES    OF)
MDL,Moldovan Leu,MOLDOVA (THE REPUBLIC OF)
EUR,Euro,MONACO
MNT,Tugrik,MONGOLIA
EUR,Euro,MONTENEGRO
XCD,East Caribbean Dollar,MONTSERRAT
MAD,Moroccan Dirham,MOROCCO
MZN,Mozambique Metical,MOZAMBIQUE
MMK,Kyat,MYANMAR
NAD,Namibia Dollar,NAMIBIA
ZAR,Rand,NAMIBIA
AUD,Australian Dollar,NAURU
NPR,Nepalese Rupee,NEPAL
EUR,Euro,NETHERLANDS (THE)
XPF,CFP Franc,NEW CALEDONIA
NZD,New Zealand Dollar,NEW ZEALAND
NIO,Cordoba Oro,NICARAGUA
XOF,CFA Franc BCEAO,NIGER (THE)
NGN,Naira,NIGERIA
NZD,New Zealand Dollar,NIUE
AUD,Australian Dollar,NORFOLK ISLAND
USD,US Dollar,NORTHERN MARIANA ISLANDS    (THE)
NOK,Norwegian Krone,NORWAY
OMR,Rial Omani,OMAN
PKR,Pakistan Rupee,PAKISTAN
USD,US Dollar,PALAU
,No universal currency,"PALESTINE, STATE OF"
PAB,Balboa,PANAMA
USD,US Dollar,PANAMA
PGK,Kina,PAPUA NEW GUINEA
PYG,Guarani,PARAGUAY
PEN,Nuevo Sol,PERU
PHP,Philippine Peso,PHILIPPINES (THE)
NZD,New Zealand Dollar,PITCAIRN
PLN,Zloty,POLAND
EUR,Euro,PORTUGAL
USD,US Dollar,PUERTO RICO
QAR,Qatari Rial,QATAR
EUR,Euro,RÉUNION
RON,Romanian Leu,ROMANIA
RUB,Russian Ruble,RUSSIAN FEDERATION (THE)
RWF,Rwanda Franc,RWANDA
EUR,Euro,SAINT BARTHÉLEMY
SHP,Saint Helena Pound,"SAINT HELENA, ASCENSION AND    TRISTAN DA CUNHA"
XCD,East Caribbean Dollar,SAINT KITTS AND NEVIS
XCD,East Caribbean Dollar,SAINT LUCIA
EUR,Euro,SAINT MARTIN (FRENCH PART)
EUR,Euro,SAINT PIERRE AND MIQUELON
XCD,East Caribbean Dollar,SAINT VINCENT AND THE    GRENADINES
WST,Tala,SAMOA
EUR,Euro,SAN MARINO
STN,Dobra,SAO TOME AND PRINCIPE
SAR,Saudi Riyal,SAUDI ARABIA
XOF,CFA Franc BCEAO,SENEGAL
RSD,Serbian Dinar,SERBIA
SCR,Seychelles Rupee,SEYCHELLES
SLE,Leone,SIERRA LEONE
SGD,Singapore Dollar,SINGAPORE
ANG,Netherlands Antillean Guilder,SINT MAARTEN (DUTCH PART)
XSU,Sucre,SISTEMA UNITARIO DE    COMPENSACION REGIONAL DE PAGOS &quot;SUCRE&quot;
EUR,Euro,SLOVAKIA
EUR,Euro,SLOVENIA
SBD,Solomon Islands Dollar,SOLOMON ISLANDS
SOS,Somali Shilling,SOMALIA
ZAR,Rand,SOUTH AFRICA
,No universal currency,SOUTH GEORGIA AND THE SOUTH    SANDWICH ISLANDS
SSP,South Sudanese Pound,SOUTH SUDAN
EUR,Euro,SPAIN
LKR,Sri Lanka Rupee,SRI LANKA
SDG,Sudanese Pound,SUDAN (THE)
SRD,Surinam Dollar,SURINAME
NOK,Norwegian Krone,SVALBARD AND JAN MAYEN
SZL,Lilangeni,SWAZILAND
SEK,Swedish Krona,SWEDEN
CHE,WIR Euro,SWITZERLAND
CHF,Swiss Franc,SWITZERLAND
CHW,WIR Franc,SWITZERLAND
SYP,Syrian Pound,SYRIAN ARAB REPUBLIC
TWD,New Taiwan Dollar,TAIWAN (PROVINCE OF CHINA)
TJS,Somoni,TAJIKISTAN
TZS,Tanzanian Shilling,"TANZANIA, UNITED REPUBLIC OF"
THB,Baht,THAILAND
USD,US Dollar,TIMOR-LESTE
XOF,CFA Franc BCEAO,TOGO
NZD,New Zealand Dollar,TOKELAU
TOP,Pa&rsquo;anga,TONGA
TTD,Trinidad and Tobago Dollar,TRINIDAD AND TOBAGO
TND,Tunisian Dinar,TUNISIA
TRY,Turkish Lira,TURKEY
TMT,Turkmenistan New Manat,TURKMENISTAN
USD,US Dollar,TURKS AND CAICOS ISLANDS    (THE)
AUD,Australian Dollar,TUVALU
UGX,Uganda Shilling,UGANDA
UAH,Hryvnia,UKRAINE
AED,UAE Dirham,UNITED ARAB EMIRATES (THE)
GBP,Pound Sterling,UNITED KINGDOM OF GREAT    BRITAIN AND NORTHERN IRELAND (THE)
USD,US Dollar,UNITED STATES MINOR OUTLYING    ISLANDS (THE)
USD,US Dollar,UNITED STATES OF AMERICA    (THE)
USN,US Dollar (Next day),UNITED STATES OF AMERICA    (THE)
UYI,Uruguay Peso en Unidades Indexadas (URUIURUI),URUGUAY
UYU,Peso Uruguayo,URUGUAY
UZS,Uzbekistan Sum,UZBEKISTAN
VUV,Vatu,VANUATU
VEF,Bolivar,VENEZUELA (BOLIVARIAN REPUBLIC OF)
VED,Bolivar,VENEZUELA (BOLIVARIAN REPUBLIC OF)
VND,Dong,VIET NAM
USD,US Dollar,VIRGIN ISLANDS (BRITISH)
USD,US Dollar,VIRGIN ISLANDS (U.S.)
XPF,CFP Franc,WALLIS AND FUTUNA
MAD,Moroccan Dirham,WESTERN SAHARA
YER,Yemeni Rial,YEMEN
ZMW,Zambian Kwacha,ZAMBIA
ZWL,Zimbabwe Dollar,ZIMBABWE
